"Data Source","World Development Indicators",

"Last Updated Date","2022-07-20",

"Country Name","Country Code","Indicator Name","Indicator Code","1960","1961","1962","1963","1964","1965","1966","1967","1968","1969","1970","1971","1972","1973","1974","1975","1976","1977","1978","1979","1980","1981","1982","1983","1984","1985","1986","1987","1988","1989","1990","1991","1992","1993","1994","1995","1996","1997","1998","1999","2000","2001","2002","2003","2004","2005","2006","2007","2008","2009","2010","2011","2012","2013","2014","2015","2016","2017","2018","2019","2020","2021",
"Aruba","ABW","Time required to get electricity (days)","IC.ELC.TIME","","","","","","","","","","","","","","","","","","","","","","","","","","","","","","","","","","","","","","","","","","","","","","","","","","","","","","","","","","","","","","",
"Africa Eastern and Southern","AFE","Time required to get electricity (days)","IC.ELC.TIME","","","","","","","","","","","","","","","","","","","","","","","","","","","","","","","","","","","","","","","","","","","","","","","","","","143.75","129.875","134.208333333333","144.16","142.6","138.76","113.95652173913","109.826086956522","106.521739130435","105.565217391304","104","","",
"Afghanistan","AFG","Time required to get electricity (days)","IC.ELC.TIME","","","","","","","","","","","","","","","","","","","","","","","","","","","","","","","","","","","","","","","","","","","","","","","","","","424","196","114","114","114","114","114","114","114","114","114","","",
"Africa Western and Central","AFW","Time required to get electricity (days)","IC.ELC.TIME","","","","","","","","","","","","","","","","","","","","","","","","","","","","","","","","","","","","","","","","","","","","","","","","","","174.333333333333","154.285714285714","145.52380952381","138.666666666667","129.110909090909","124.610909090909","122.156363636364","121.565454545455","120.701818181818","117.742272727273","115.4","","",
"Angola","AGO","Time required to get electricity (days)","IC.ELC.TIME","","","","","","","","","","","","","","","","","","","","","","","","","","","","","","","","","","","","","","","","","","","","","","","","","","159","159","159","145","145","145","145","145","121","121","97","","",
"Albania","ALB","Time required to get electricity (days)","IC.ELC.TIME","","","","","","","","","","","","","","","","","","","","","","","","","","","","","","","","","","","","","","","","","","","","","","","","","","177","177","177","177","177","177","177","134","71","71","71","","",
"Andorra","AND","Time required to get electricity (days)","IC.ELC.TIME","","","","","","","","","","","","","","","","","","","","","","","","","","","","","","","","","","","","","","","","","","","","","","","","","","","","","","","","","","","","","","",
"Arab World","ARB","Time required to get electricity (days)","IC.ELC.TIME","","","","","","","","","","","","","","","","","","","","","","","","","","","","","","","","","","","","","","","","","","","","","","","","","","77.1","77.1","74.35","79.2857142857143","80.0952380952381","81.6666666666667","79.1","76.85","75.95","69.55","64.1","","",
"United Arab Emirates","ARE","Time required to get electricity (days)","IC.ELC.TIME","","","","","","","","","","","","","","","","","","","","","","","","","","","","","","","","","","","","","","","","","","","","","","","","","","55","55","55","40","35","35","32","28","10","10","7","","",
"Argentina","ARG","Time required to get electricity (days)","IC.ELC.TIME","","","","","","","","","","","","","","","","","","","","","","","","","","","","","","","","","","","","","","","","","","","","","","","","","","91","91","91","91","91","92","92","92","92","92","92","","",
"Armenia","ARM","Time required to get electricity (days)","IC.ELC.TIME","","","","","","","","","","","","","","","","","","","","","","","","","","","","","","","","","","","","","","","","","","","","","","","","","","235","235","235","235","180","180","138","138","127","72","72","","",
"American Samoa","ASM","Time required to get electricity (days)","IC.ELC.TIME","","","","","","","","","","","","","","","","","","","","","","","","","","","","","","","","","","","","","","","","","","","","","","","","","","","","","","","","","","","","","","",
"Antigua and Barbuda","ATG","Time required to get electricity (days)","IC.ELC.TIME","","","","","","","","","","","","","","","","","","","","","","","","","","","","","","","","","","","","","","","","","","","","","","","","","","42","42","42","42","42","42","42","42","42","42","42","","",
"Australia","AUS","Time required to get electricity (days)","IC.ELC.TIME","","","","","","","","","","","","","","","","","","","","","","","","","","","","","","","","","","","","","","","","","","","","","","","","","","75","75","75","75","75","75","75","75","75","75","75","","",
"Austria","AUT","Time required to get electricity (days)","IC.ELC.TIME","","","","","","","","","","","","","","","","","","","","","","","","","","","","","","","","","","","","","","","","","","","","","","","","","","23","23","23","23","23","23","23","23","23","23","23","","",
"Azerbaijan","AZE","Time required to get electricity (days)","IC.ELC.TIME","","","","","","","","","","","","","","","","","","","","","","","","","","","","","","","","","","","","","","","","","","","","","","","","","","174","174","174","174","97","87","77","69","56","41","38","","",
"Burundi","BDI","Time required to get electricity (days)","IC.ELC.TIME","","","","","","","","","","","","","","","","","","","","","","","","","","","","","","","","","","","","","","","","","","","","","","","","","","188","188","188","188","158","158","158","158","158","158","158","","",
"Belgium","BEL","Time required to get electricity (days)","IC.ELC.TIME","","","","","","","","","","","","","","","","","","","","","","","","","","","","","","","","","","","","","","","","","","","","","","","","","","201","201","201","201","201","201","201","201","201","171","171","","",
"Benin","BEN","Time required to get electricity (days)","IC.ELC.TIME","","","","","","","","","","","","","","","","","","","","","","","","","","","","","","","","","","","","","","","","","","","","","","","","","","172","172","158","158","158","90","90","90","90","90","90","","",
"Burkina Faso","BFA","Time required to get electricity (days)","IC.ELC.TIME","","","","","","","","","","","","","","","","","","","","","","","","","","","","","","","","","","","","","","","","","","","","","","","","","","158","158","158","158","158","158","169","169","169","169","169","","",
"Bangladesh","BGD","Time required to get electricity (days)","IC.ELC.TIME","","","","","","","","","","","","","","","","","","","","","","","","","","","","","","","","","","","","","","","","","","","","","","","","","","","","","","411.56","411.56","348.94","286.32","223.7","150.2","124.46","","",
"Bulgaria","BGR","Time required to get electricity (days)","IC.ELC.TIME","","","","","","","","","","","","","","","","","","","","","","","","","","","","","","","","","","","","","","","","","","","","","","","","","","137","137","130","130","130","130","130","263","262","262","262","","",
"Bahrain","BHR","Time required to get electricity (days)","IC.ELC.TIME","","","","","","","","","","","","","","","","","","","","","","","","","","","","","","","","","","","","","","","","","","","","","","","","","","85","85","85","85","85","85","85","85","85","85","69","","",
"Bahamas, The","BHS","Time required to get electricity (days)","IC.ELC.TIME","","","","","","","","","","","","","","","","","","","","","","","","","","","","","","","","","","","","","","","","","","","","","","","","","","67","67","67","67","67","67","67","67","67","67","67","","",
"Bosnia and Herzegovina","BIH","Time required to get electricity (days)","IC.ELC.TIME","","","","","","","","","","","","","","","","","","","","","","","","","","","","","","","","","","","","","","","","","","","","","","","","","","140","98","98","98","98","98","98","98","69","69","69","","",
"Belarus","BLR","Time required to get electricity (days)","IC.ELC.TIME","","","","","","","","","","","","","","","","","","","","","","","","","","","","","","","","","","","","","","","","","","","","","","","","","","179","179","179","179","112","112","112","105","105","105","105","","",
"Belize","BLZ","Time required to get electricity (days)","IC.ELC.TIME","","","","","","","","","","","","","","","","","","","","","","","","","","","","","","","","","","","","","","","","","","","","","","","","","","66","66","66","66","66","66","66","66","66","66","60","","",
"Bermuda","BMU","Time required to get electricity (days)","IC.ELC.TIME","","","","","","","","","","","","","","","","","","","","","","","","","","","","","","","","","","","","","","","","","","","","","","","","","","","","","","","","","","","","","","",
"Bolivia","BOL","Time required to get electricity (days)","IC.ELC.TIME","","","","","","","","","","","","","","","","","","","","","","","","","","","","","","","","","","","","","","","","","","","","","","","","","","42","42","42","42","42","42","42","42","42","40","36","","",
"Brazil","BRA","Time required to get electricity (days)","IC.ELC.TIME","","","","","","","","","","","","","","","","","","","","","","","","","","","","","","","","","","","","","","","","","","","","","","","","","","","","","","115.83","115.83","119.34","128.49","128.49","128.49","128.49","","",
"Barbados","BRB","Time required to get electricity (days)","IC.ELC.TIME","","","","","","","","","","","","","","","","","","","","","","","","","","","","","","","","","","","","","","","","","","","","","","","","","","","","88","88","88","88","88","88","88","88","78","","",
"Brunei Darussalam","BRN","Time required to get electricity (days)","IC.ELC.TIME","","","","","","","","","","","","","","","","","","","","","","","","","","","","","","","","","","","","","","","","","","","","","","","","","","79","79","56","56","56","56","56","35","36","25","25","","",
"Bhutan","BTN","Time required to get electricity (days)","IC.ELC.TIME","","","","","","","","","","","","","","","","","","","","","","","","","","","","","","","","","","","","","","","","","","","","","","","","","","93","93","93","82","82","71","61","61","61","61","61","","",
"Botswana","BWA","Time required to get electricity (days)","IC.ELC.TIME","","","","","","","","","","","","","","","","","","","","","","","","","","","","","","","","","","","","","","","","","","","","","","","","","","121","121","121","121","121","121","77","77","77","77","77","","",
"Central African Republic","CAF","Time required to get electricity (days)","IC.ELC.TIME","","","","","","","","","","","","","","","","","","","","","","","","","","","","","","","","","","","","","","","","","","","","","","","","","","172","172","102","102","102","102","98","98","98","98","98","","",
"Canada","CAN","Time required to get electricity (days)","IC.ELC.TIME","","","","","","","","","","","","","","","","","","","","","","","","","","","","","","","","","","","","","","","","","","","","","","","","","","169","169","169","142","142","142","137","137","137","137","137","","",
"Central Europe and the Baltics","CEB","Time required to get electricity (days)","IC.ELC.TIME","","","","","","","","","","","","","","","","","","","","","","","","","","","","","","","","","","","","","","","","","","","","","","","","","","135.545454545455","135.545454545455","129.636363636364","130.363636363636","124.363636363636","118.818181818182","112.909090909091","122.818181818182","122.727272727273","122.727272727273","121.454545454545","","",
"Switzerland","CHE","Time required to get electricity (days)","IC.ELC.TIME","","","","","","","","","","","","","","","","","","","","","","","","","","","","","","","","","","","","","","","","","","","","","","","","","","39","39","39","39","39","39","39","39","39","39","39","","",
"Channel Islands","CHI","Time required to get electricity (days)","IC.ELC.TIME","","","","","","","","","","","","","","","","","","","","","","","","","","","","","","","","","","","","","","","","","","","","","","","","","","","","","","","","","","","","","","",
"Chile","CHL","Time required to get electricity (days)","IC.ELC.TIME","","","","","","","","","","","","","","","","","","","","","","","","","","","","","","","","","","","","","","","","","","","","","","","","","","43","43","43","43","43","43","43","43","43","43","43","","",
"China","CHN","Time required to get electricity (days)","IC.ELC.TIME","","","","","","","","","","","","","","","","","","","","","","","","","","","","","","","","","","","","","","","","","","","","","","","","","","","","","","143.2","143.2","143.2","143.2","143.2","34","32","","",
"Cote d'Ivoire","CIV","Time required to get electricity (days)","IC.ELC.TIME","","","","","","","","","","","","","","","","","","","","","","","","","","","","","","","","","","","","","","","","","","","","","","","","","","59","59","59","59","59","59","59","55","55","53","53","","",
"Cameroon","CMR","Time required to get electricity (days)","IC.ELC.TIME","","","","","","","","","","","","","","","","","","","","","","","","","","","","","","","","","","","","","","","","","","","","","","","","","","64","64","64","64","64","64","64","64","64","64","64","","",
"Congo, Dem. Rep.","COD","Time required to get electricity (days)","IC.ELC.TIME","","","","","","","","","","","","","","","","","","","","","","","","","","","","","","","","","","","","","","","","","","","","","","","","","","101","101","101","101","101","55","46","44","44","44","44","","",
"Congo, Rep.","COG","Time required to get electricity (days)","IC.ELC.TIME","","","","","","","","","","","","","","","","","","","","","","","","","","","","","","","","","","","","","","","","","","","","","","","","","","134","134","134","134","134","134","134","134","134","134","134","","",
"Colombia","COL","Time required to get electricity (days)","IC.ELC.TIME","","","","","","","","","","","","","","","","","","","","","","","","","","","","","","","","","","","","","","","","","","","","","","","","","","165","165","165","165","105","102","109","109","106","92","88","","",
"Comoros","COM","Time required to get electricity (days)","IC.ELC.TIME","","","","","","","","","","","","","","","","","","","","","","","","","","","","","","","","","","","","","","","","","","","","","","","","","","120","120","120","120","120","120","120","120","120","120","120","","",
"Cabo Verde","CPV","Time required to get electricity (days)","IC.ELC.TIME","","","","","","","","","","","","","","","","","","","","","","","","","","","","","","","","","","","","","","","","","","","","","","","","","","81","81","81","81","81","81","81","81","81","81","81","","",
"Costa Rica","CRI","Time required to get electricity (days)","IC.ELC.TIME","","","","","","","","","","","","","","","","","","","","","","","","","","","","","","","","","","","","","","","","","","","","","","","","","","62","62","62","62","62","55","45","45","45","45","39","","",
"Caribbean small states","CSS","Time required to get electricity (days)","IC.ELC.TIME","","","","","","","","","","","","","","","","","","","","","","","","","","","","","","","","","","","","","","","","","","","","","","","","","","63.8333333333333","62.5833333333333","64.5384615384615","64.5384615384615","64.5384615384615","64.5384615384615","62.2307692307692","62.2307692307692","62.2307692307692","62.2307692307692","61","","",
"Cuba","CUB","Time required to get electricity (days)","IC.ELC.TIME","","","","","","","","","","","","","","","","","","","","","","","","","","","","","","","","","","","","","","","","","","","","","","","","","","","","","","","","","","","","","","",
"Curacao","CUW","Time required to get electricity (days)","IC.ELC.TIME","","","","","","","","","","","","","","","","","","","","","","","","","","","","","","","","","","","","","","","","","","","","","","","","","","","","","","","","","","","","","","",
"Cayman Islands","CYM","Time required to get electricity (days)","IC.ELC.TIME","","","","","","","","","","","","","","","","","","","","","","","","","","","","","","","","","","","","","","","","","","","","","","","","","","","","","","","","","","","","","","",
"Cyprus","CYP","Time required to get electricity (days)","IC.ELC.TIME","","","","","","","","","","","","","","","","","","","","","","","","","","","","","","","","","","","","","","","","","","","","","","","","","","207","207","207","207","207","207","137","137","137","137","137","","",
"Czech Republic","CZE","Time required to get electricity (days)","IC.ELC.TIME","","","","","","","","","","","","","","","","","","","","","","","","","","","","","","","","","","","","","","","","","","","","","","","","","","115","115","115","115","70","67","63","60","60","60","58","","",
"Germany","DEU","Time required to get electricity (days)","IC.ELC.TIME","","","","","","","","","","","","","","","","","","","","","","","","","","","","","","","","","","","","","","","","","","","","","","","","","","28","28","28","28","28","28","28","28","28","28","28","","",
"Djibouti","DJI","Time required to get electricity (days)","IC.ELC.TIME","","","","","","","","","","","","","","","","","","","","","","","","","","","","","","","","","","","","","","","","","","","","","","","","","","172","172","117","117","117","117","117","52","52","52","52","","",
"Dominica","DMA","Time required to get electricity (days)","IC.ELC.TIME","","","","","","","","","","","","","","","","","","","","","","","","","","","","","","","","","","","","","","","","","","","","","","","","","","61","61","61","61","61","61","61","61","61","61","61","","",
"Denmark","DNK","Time required to get electricity (days)","IC.ELC.TIME","","","","","","","","","","","","","","","","","","","","","","","","","","","","","","","","","","","","","","","","","","","","","","","","","","38","38","38","38","38","38","38","38","38","38","38","","",
"Dominican Republic","DOM","Time required to get electricity (days)","IC.ELC.TIME","","","","","","","","","","","","","","","","","","","","","","","","","","","","","","","","","","","","","","","","","","","","","","","","","","82","82","82","82","82","82","82","67","67","67","67","","",
"Algeria","DZA","Time required to get electricity (days)","IC.ELC.TIME","","","","","","","","","","","","","","","","","","","","","","","","","","","","","","","","","","","","","","","","","","","","","","","","","","158","158","158","158","180","180","180","180","180","84","84","","",
"East Asia & Pacific (excluding high income)","EAP","Time required to get electricity (days)","IC.ELC.TIME","","","","","","","","","","","","","","","","","","","","","","","","","","","","","","","","","","","","","","","","","","","","","","","","","","98.5","98.5","99.3888888888889","90.8947368421053","108.142857142857","85.4066666666667","79.7238095238095","79.7561904761905","78.3904761904762","72.0476190476191","70.6780952380952","","",
"Early-demographic dividend","EAR","Time required to get electricity (days)","IC.ELC.TIME","","","","","","","","","","","","","","","","","","","","","","","","","","","","","","","","","","","","","","","","","","","","","","","","","","94.1111111111111","93.8333333333333","93.1851851851852","90.7857142857143","103.403278688525","94.7727868852459","87.9681666666667","86.325","84.5033333333333","81.5076666666667","77.544","","",
"East Asia & Pacific","EAS","Time required to get electricity (days)","IC.ELC.TIME","","","","","","","","","","","","","","","","","","","","","","","","","","","","","","","","","","","","","","","","","","","","","","","","","","86.48","86.48","84.2","78.5","91.6862068965517","75.2220689655172","70.4862068965517","69.5320689655172","68.5551724137931","63.4793103448276","62.3496551724138","","",
"Europe & Central Asia (excluding high income)","ECA","Time required to get electricity (days)","IC.ELC.TIME","","","","","","","","","","","","","","","","","","","","","","","","","","","","","","","","","","","","","","","","","","","","","","","","","","149.444444444444","146.722222222222","146.333333333333","136.166666666667","124.273684210526","121.378947368421","115.605263157895","114","107.210526315789","102.684210526316","98.6157894736842","","",
"Europe & Central Asia","ECS","Time required to get electricity (days)","IC.ELC.TIME","","","","","","","","","","","","","","","","","","","","","","","","","","","","","","","","","","","","","","","","","","","","","","","","","","123.021276595745","121.978723404255","120.595744680851","115.145833333333","108.779591836735","102.412244897959","96.7448979591837","95.265306122449","91.6326530612245","87.58","85.674","","",
"Ecuador","ECU","Time required to get electricity (days)","IC.ELC.TIME","","","","","","","","","","","","","","","","","","","","","","","","","","","","","","","","","","","","","","","","","","","","","","","","","","89","89","89","89","74","74","74","74","74","74","74","","",
"Egypt, Arab Rep.","EGY","Time required to get electricity (days)","IC.ELC.TIME","","","","","","","","","","","","","","","","","","","","","","","","","","","","","","","","","","","","","","","","","","","","","","","","","","53","53","53","53","53","53","53","53","53","53","53","","",
"Euro area","EMU","Time required to get electricity (days)","IC.ELC.TIME","","","","","","","","","","","","","","","","","","","","","","","","","","","","","","","","","","","","","","","","","","","","","","","","","","108.777777777778","108.777777777778","107.368421052632","107.315789473684","105.842105263158","92.9473684210526","85.4210526315789","83.9473684210526","81.3684210526316","78.8421052631579","78.6842105263158","","",
"Eritrea","ERI","Time required to get electricity (days)","IC.ELC.TIME","","","","","","","","","","","","","","","","","","","","","","","","","","","","","","","","","","","","","","","","","","","","","","","","","","59","59","59","59","59","59","","","","","","","",
"Spain","ESP","Time required to get electricity (days)","IC.ELC.TIME","","","","","","","","","","","","","","","","","","","","","","","","","","","","","","","","","","","","","","","","","","","","","","","","","","148","148","148","148","132","132","107","95","95","95","95","","",
"Estonia","EST","Time required to get electricity (days)","IC.ELC.TIME","","","","","","","","","","","","","","","","","","","","","","","","","","","","","","","","","","","","","","","","","","","","","","","","","","111","111","111","111","99","91","91","91","91","91","91","","",
"Ethiopia","ETH","Time required to get electricity (days)","IC.ELC.TIME","","","","","","","","","","","","","","","","","","","","","","","","","","","","","","","","","","","","","","","","","","","","","","","","","","75","75","95","95","95","95","95","95","95","95","95","","",
"European Union","EUU","Time required to get electricity (days)","IC.ELC.TIME","","","","","","","","","","","","","","","","","","","","","","","","","","","","","","","","","","","","","","","","","","","","","","","","","","115.153846153846","115.153846153846","113.481481481481","113.777777777778","110.740740740741","100.111111111111","93.8888888888889","97.2592592592593","95.4074074074074","93.6296296296296","93.1111111111111","","",
"Fragile and conflict affected situations","FCS","Time required to get electricity (days)","IC.ELC.TIME","","","","","","","","","","","","","","","","","","","","","","","","","","","","","","","","","","","","","","","","","","","","","","","","","","123.090909090909","114.818181818182","112.454545454545","123","123.768648648649","110.84972972973","100.012941176471","102.277647058824","100.365882352941","96.0391176470588","95.1117647058824","","",
"Finland","FIN","Time required to get electricity (days)","IC.ELC.TIME","","","","","","","","","","","","","","","","","","","","","","","","","","","","","","","","","","","","","","","","","","","","","","","","","","42","42","42","42","42","42","42","42","42","42","42","","",
"Fiji","FJI","Time required to get electricity (days)","IC.ELC.TIME","","","","","","","","","","","","","","","","","","","","","","","","","","","","","","","","","","","","","","","","","","","","","","","","","","81","81","81","81","81","81","81","81","81","81","81","","",
"France","FRA","Time required to get electricity (days)","IC.ELC.TIME","","","","","","","","","","","","","","","","","","","","","","","","","","","","","","","","","","","","","","","","","","","","","","","","","","71","71","71","71","71","71","71","71","71","53","53","","",
"Faroe Islands","FRO","Time required to get electricity (days)","IC.ELC.TIME","","","","","","","","","","","","","","","","","","","","","","","","","","","","","","","","","","","","","","","","","","","","","","","","","","","","","","","","","","","","","","",
"Micronesia, Fed. Sts.","FSM","Time required to get electricity (days)","IC.ELC.TIME","","","","","","","","","","","","","","","","","","","","","","","","","","","","","","","","","","","","","","","","","","","","","","","","","","105","105","105","105","470","105","105","105","105","105","105","","",
"Gabon","GAB","Time required to get electricity (days)","IC.ELC.TIME","","","","","","","","","","","","","","","","","","","","","","","","","","","","","","","","","","","","","","","","","","","","","","","","","","176","176","176","157","148","148","148","148","148","148","148","","",
"United Kingdom","GBR","Time required to get electricity (days)","IC.ELC.TIME","","","","","","","","","","","","","","","","","","","","","","","","","","","","","","","","","","","","","","","","","","","","","","","","","","108","108","108","104","79","79","79","79","79","50","46","","",
"Georgia","GEO","Time required to get electricity (days)","IC.ELC.TIME","","","","","","","","","","","","","","","","","","","","","","","","","","","","","","","","","","","","","","","","","","","","","","","","","","96","96","96","71","71","71","71","71","71","71","71","","",
"Ghana","GHA","Time required to get electricity (days)","IC.ELC.TIME","","","","","","","","","","","","","","","","","","","","","","","","","","","","","","","","","","","","","","","","","","","","","","","","","","79","79","79","79","79","79","79","79","78","78","55","","",
"Gibraltar","GIB","Time required to get electricity (days)","IC.ELC.TIME","","","","","","","","","","","","","","","","","","","","","","","","","","","","","","","","","","","","","","","","","","","","","","","","","","","","","","","","","","","","","","",
"Guinea","GIN","Time required to get electricity (days)","IC.ELC.TIME","","","","","","","","","","","","","","","","","","","","","","","","","","","","","","","","","","","","","","","","","","","","","","","","","","69","69","69","69","69","69","69","69","69","69","69","","",
"Gambia, The","GMB","Time required to get electricity (days)","IC.ELC.TIME","","","","","","","","","","","","","","","","","","","","","","","","","","","","","","","","","","","","","","","","","","","","","","","","","","201","201","101","101","101","101","101","101","101","101","101","","",
"Guinea-Bissau","GNB","Time required to get electricity (days)","IC.ELC.TIME","","","","","","","","","","","","","","","","","","","","","","","","","","","","","","","","","","","","","","","","","","","","","","","","","","458","458","458","458","257","257","257","257","257","257","257","","",
"Equatorial Guinea","GNQ","Time required to get electricity (days)","IC.ELC.TIME","","","","","","","","","","","","","","","","","","","","","","","","","","","","","","","","","","","","","","","","","","","","","","","","","","106","106","106","106","106","106","106","106","106","106","106","","",
"Greece","GRC","Time required to get electricity (days)","IC.ELC.TIME","","","","","","","","","","","","","","","","","","","","","","","","","","","","","","","","","","","","","","","","","","","","","","","","","","51","51","51","51","51","51","51","51","51","51","51","","",
"Grenada","GRD","Time required to get electricity (days)","IC.ELC.TIME","","","","","","","","","","","","","","","","","","","","","","","","","","","","","","","","","","","","","","","","","","","","","","","","","","38","38","38","38","38","38","38","38","38","38","38","","",
"Greenland","GRL","Time required to get electricity (days)","IC.ELC.TIME","","","","","","","","","","","","","","","","","","","","","","","","","","","","","","","","","","","","","","","","","","","","","","","","","","","","","","","","","","","","","","",
"Guatemala","GTM","Time required to get electricity (days)","IC.ELC.TIME","","","","","","","","","","","","","","","","","","","","","","","","","","","","","","","","","","","","","","","","","","","","","","","","","","44","44","44","44","44","44","44","44","44","44","44","","",
"Guam","GUM","Time required to get electricity (days)","IC.ELC.TIME","","","","","","","","","","","","","","","","","","","","","","","","","","","","","","","","","","","","","","","","","","","","","","","","","","","","","","","","","","","","","","",
"Guyana","GUY","Time required to get electricity (days)","IC.ELC.TIME","","","","","","","","","","","","","","","","","","","","","","","","","","","","","","","","","","","","","","","","","","","","","","","","","","112","112","112","112","112","112","82","82","82","82","82","","",
"High income","HIC","Time required to get electricity (days)","IC.ELC.TIME","","","","","","","","","","","","","","","","","","","","","","","","","","","","","","","","","","","","","","","","","","","","","","","","","","88.1132075471698","88.1132075471698","86.5818181818182","85","82.7844827586207","77.8362068965517","74.0948275862069","71.3474137931035","70.198275862069","67.8898305084746","65.7203389830509","","",
"Hong Kong SAR, China","HKG","Time required to get electricity (days)","IC.ELC.TIME","","","","","","","","","","","","","","","","","","","","","","","","","","","","","","","","","","","","","","","","","","","","","","","","","","93","93","43","41","38","38","28","27","27","24","24","","",
"Honduras","HND","Time required to get electricity (days)","IC.ELC.TIME","","","","","","","","","","","","","","","","","","","","","","","","","","","","","","","","","","","","","","","","","","","","","","","","","","39","39","39","39","39","39","39","39","39","39","39","","",
"Heavily indebted poor countries (HIPC)","HPC","Time required to get electricity (days)","IC.ELC.TIME","","","","","","","","","","","","","","","","","","","","","","","","","","","","","","","","","","","","","","","","","","","","","","","","","","161.973684210526","136.131578947368","131.552631578947","128.105263157895","121.342105263158","116.210526315789","112.783783783784","111.837837837838","110.702702702703","109.216216216216","107.864864864865","","",
"Croatia","HRV","Time required to get electricity (days)","IC.ELC.TIME","","","","","","","","","","","","","","","","","","","","","","","","","","","","","","","","","","","","","","","","","","","","","","","","","","70","70","70","70","70","70","70","65","65","65","65","","",
"Haiti","HTI","Time required to get electricity (days)","IC.ELC.TIME","","","","","","","","","","","","","","","","","","","","","","","","","","","","","","","","","","","","","","","","","","","","","","","","","","66","66","66","60","60","60","60","60","60","60","60","","",
"Hungary","HUN","Time required to get electricity (days)","IC.ELC.TIME","","","","","","","","","","","","","","","","","","","","","","","","","","","","","","","","","","","","","","","","","","","","","","","","","","252","252","252","252","252","252","252","257","257","257","257","","",
"IBRD only","IBD","Time required to get electricity (days)","IC.ELC.TIME","","","","","","","","","","","","","","","","","","","","","","","","","","","","","","","","","","","","","","","","","","","","","","","","","","106.016393442623","104.967213114754","104.967213114754","103.661290322581","99.5230882352941","99.3692647058823","93.4851470588235","90.6767647058824","87.5491176470588","82.5426470588235","80.4076470588235","","",
"IDA & IBRD total","IBT","Time required to get electricity (days)","IC.ELC.TIME","","","","","","","","","","","","","","","","","","","","","","","","","","","","","","","","","","","","","","","","","","","","","","","","","","122.3515625","114.1796875","112.484375","111.328244274809","112.573357142857","107.212928571429","99.0917518248175","97.1870802919708","94.7469343065693","91.0896350364964","88.7199270072993","","",
"IDA total","IDA","Time required to get electricity (days)","IC.ELC.TIME","","","","","","","","","","","","","","","","","","","","","","","","","","","","","","","","","","","","","","","","","","","","","","","","","","137.223880597015","122.567164179104","119.328358208955","118.217391304348","124.898611111111","114.620833333333","104.617101449275","103.603043478261","101.840434782609","99.5127536231884","96.9117391304348","","",
"IDA blend","IDB","Time required to get electricity (days)","IC.ELC.TIME","","","","","","","","","","","","","","","","","","","","","","","","","","","","","","","","","","","","","","","","","","","","","","","","","","78.0769230769231","78.0769230769231","79.9230769230769","76.4615384615385","89.076","89.076","85.4426666666667","86.6193333333333","86.5526666666667","84.2786666666667","80.63","","",
"Indonesia","IDN","Time required to get electricity (days)","IC.ELC.TIME","","","","","","","","","","","","","","","","","","","","","","","","","","","","","","","","","","","","","","","","","","","","","","","","","","","","","","86.8","81.34","79","57.68","34","34","32.24","","",
"IDA only","IDX","Time required to get electricity (days)","IC.ELC.TIME","","","","","","","","","","","","","","","","","","","","","","","","","","","","","","","","","","","","","","","","","","","","","","","","","","151.462962962963","133.277777777778","128.814814814815","127.910714285714","134.325614035088","121.343157894737","109.943333333333","108.320740740741","106.087037037037","103.744444444444","101.434444444444","","",
"Isle of Man","IMN","Time required to get electricity (days)","IC.ELC.TIME","","","","","","","","","","","","","","","","","","","","","","","","","","","","","","","","","","","","","","","","","","","","","","","","","","","","","","","","","","","","","","",
"India","IND","Time required to get electricity (days)","IC.ELC.TIME","","","","","","","","","","","","","","","","","","","","","","","","","","","","","","","","","","","","","","","","","","","","","","","","","","","","","","115.61","115.61","100.02","59.21","59.21","54.97","52.85","","",
"Not classified","INX","Time required to get electricity (days)","IC.ELC.TIME","","","","","","","","","","","","","","","","","","","","","","","","","","","","","","","","","","","","","","","","","","","","","","","","","","","","","","","","","","","","","","",
"Ireland","IRL","Time required to get electricity (days)","IC.ELC.TIME","","","","","","","","","","","","","","","","","","","","","","","","","","","","","","","","","","","","","","","","","","","","","","","","","","205","205","205","205","205","85","85","85","85","85","85","","",
"Iran, Islamic Rep.","IRN","Time required to get electricity (days)","IC.ELC.TIME","","","","","","","","","","","","","","","","","","","","","","","","","","","","","","","","","","","","","","","","","","","","","","","","","","110","110","110","110","110","110","77","77","77","77","77","","",
"Iraq","IRQ","Time required to get electricity (days)","IC.ELC.TIME","","","","","","","","","","","","","","","","","","","","","","","","","","","","","","","","","","","","","","","","","","","","","","","","","","52","52","52","52","52","82","82","51","51","51","51","","",
"Iceland","ISL","Time required to get electricity (days)","IC.ELC.TIME","","","","","","","","","","","","","","","","","","","","","","","","","","","","","","","","","","","","","","","","","","","","","","","","","","22","22","22","22","22","22","22","22","22","22","22","","",
"Israel","ISR","Time required to get electricity (days)","IC.ELC.TIME","","","","","","","","","","","","","","","","","","","","","","","","","","","","","","","","","","","","","","","","","","","","","","","","","","102","102","102","102","102","102","102","102","102","102","102","","",
"Italy","ITA","Time required to get electricity (days)","IC.ELC.TIME","","","","","","","","","","","","","","","","","","","","","","","","","","","","","","","","","","","","","","","","","","","","","","","","","","124","124","124","124","124","124","124","124","75","75","75","","",
"Jamaica","JAM","Time required to get electricity (days)","IC.ELC.TIME","","","","","","","","","","","","","","","","","","","","","","","","","","","","","","","","","","","","","","","","","","","","","","","","","","95","95","95","95","95","95","95","95","95","95","95","","",
"Jordan","JOR","Time required to get electricity (days)","IC.ELC.TIME","","","","","","","","","","","","","","","","","","","","","","","","","","","","","","","","","","","","","","","","","","","","","","","","","","52","52","52","52","52","55","55","55","55","55","55","","",
"Japan","JPN","Time required to get electricity (days)","IC.ELC.TIME","","","","","","","","","","","","","","","","","","","","","","","","","","","","","","","","","","","","","","","","","","","","","","","","","","","","","","81.9","81.9","81.9","81.55","80.9","80.9","80.9","","",
"Kazakhstan","KAZ","Time required to get electricity (days)","IC.ELC.TIME","","","","","","","","","","","","","","","","","","","","","","","","","","","","","","","","","","","","","","","","","","","","","","","","","","88","88","88","88","88","88","91","77","77","71","71","","",
"Kenya","KEN","Time required to get electricity (days)","IC.ELC.TIME","","","","","","","","","","","","","","","","","","","","","","","","","","","","","","","","","","","","","","","","","","","","","","","","","","150","150","150","133","145","145","110","97","97","97","97","","",
"Kyrgyz Republic","KGZ","Time required to get electricity (days)","IC.ELC.TIME","","","","","","","","","","","","","","","","","","","","","","","","","","","","","","","","","","","","","","","","","","","","","","","","","","258","258","258","136","136","136","111","111","111","111","111","","",
"Cambodia","KHM","Time required to get electricity (days)","IC.ELC.TIME","","","","","","","","","","","","","","","","","","","","","","","","","","","","","","","","","","","","","","","","","","","","","","","","","","194","194","194","194","179","179","179","179","179","179","179","","",
"Kiribati","KIR","Time required to get electricity (days)","IC.ELC.TIME","","","","","","","","","","","","","","","","","","","","","","","","","","","","","","","","","","","","","","","","","","","","","","","","","","97","97","97","97","97","97","97","97","97","97","97","","",
"St. Kitts and Nevis","KNA","Time required to get electricity (days)","IC.ELC.TIME","","","","","","","","","","","","","","","","","","","","","","","","","","","","","","","","","","","","","","","","","","","","","","","","","","18","18","18","18","18","18","18","18","18","18","18","","",
"Korea, Rep.","KOR","Time required to get electricity (days)","IC.ELC.TIME","","","","","","","","","","","","","","","","","","","","","","","","","","","","","","","","","","","","","","","","","","","","","","","","","","18","18","18","18","18","18","18","13","13","13","13","","",
"Kuwait","KWT","Time required to get electricity (days)","IC.ELC.TIME","","","","","","","","","","","","","","","","","","","","","","","","","","","","","","","","","","","","","","","","","","","","","","","","","","65","65","65","65","65","65","65","65","65","65","49","","",
"Latin America & Caribbean (excluding high income)","LAC","Time required to get electricity (days)","IC.ELC.TIME","","","","","","","","","","","","","","","","","","","","","","","","","","","","","","","","","","","","","","","","","","","","","","","","","","72.5714285714286","71.8571428571429","71.8571428571429","71.5714285714286","71.1634782608696","70.7721739130435","69.2291304347826","68.6491304347826","68.5186956521739","67.8230434782609","67.3447826086957","","",
"Lao PDR","LAO","Time required to get electricity (days)","IC.ELC.TIME","","","","","","","","","","","","","","","","","","","","","","","","","","","","","","","","","","","","","","","","","","","","","","","","","","135","135","135","135","135","135","105","105","105","105","87","","",
"Lebanon","LBN","Time required to get electricity (days)","IC.ELC.TIME","","","","","","","","","","","","","","","","","","","","","","","","","","","","","","","","","","","","","","","","","","","","","","","","","","68","68","68","68","68","68","89","89","89","89","89","","",
"Liberia","LBR","Time required to get electricity (days)","IC.ELC.TIME","","","","","","","","","","","","","","","","","","","","","","","","","","","","","","","","","","","","","","","","","","","","","","","","","","602","602","602","482","482","482","482","482","482","482","482","","",
"Libya","LBY","Time required to get electricity (days)","IC.ELC.TIME","","","","","","","","","","","","","","","","","","","","","","","","","","","","","","","","","","","","","","","","","","","","","","","","","","","","","118","118","118","118","118","118","118","118","","",
"St. Lucia","LCA","Time required to get electricity (days)","IC.ELC.TIME","","","","","","","","","","","","","","","","","","","","","","","","","","","","","","","","","","","","","","","","","","","","","","","","","","26","26","26","26","26","26","26","26","26","26","26","","",
"Latin America & Caribbean","LCN","Time required to get electricity (days)","IC.ELC.TIME","","","","","","","","","","","","","","","","","","","","","","","","","","","","","","","","","","","","","","","","","","","","","","","","","","67.6","67.1","67.7741935483871","67.5806451612903","67.5381818181818","67.8715151515152","66.7960606060606","67.3009090909091","67.21","66.7251515151515","66.0887878787879","","",
"Least developed countries: UN classification","LDC","Time required to get electricity (days)","IC.ELC.TIME","","","","","","","","","","","","","","","","","","","","","","","","","","","","","","","","","","","","","","","","","","","","","","","","","","167.170731707317","143.219512195122","138.121951219512","142.627906976744","142.649090909091","135.535454545455","123.14487804878","120.007804878049","116.89512195122","113.858536585366","110.96243902439","","",
"Low income","LIC","Time required to get electricity (days)","IC.ELC.TIME","","","","","","","","","","","","","","","","","","","","","","","","","","","","","","","","","","","","","","","","","","","","","","","","","","185.32","156.96","150.56","160.846153846154","151.961538461538","147.076923076923","133.521739130435","135.826086956522","134.04347826087","132","131.304347826087","","",
"Liechtenstein","LIE","Time required to get electricity (days)","IC.ELC.TIME","","","","","","","","","","","","","","","","","","","","","","","","","","","","","","","","","","","","","","","","","","","","","","","","","","","","","","","","","","","52","52","","",
"Sri Lanka","LKA","Time required to get electricity (days)","IC.ELC.TIME","","","","","","","","","","","","","","","","","","","","","","","","","","","","","","","","","","","","","","","","","","","","","","","","","","126","126","126","126","104","104","100","100","100","100","100","","",
"Lower middle income","LMC","Time required to get electricity (days)","IC.ELC.TIME","","","","","","","","","","","","","","","","","","","","","","","","","","","","","","","","","","","","","","","","","","","","","","","","","","116.5","110.8125","109.791666666667","101.632653061224","114.853888888889","103.715740740741","97.0481481481482","93.5833333333333","91.4111111111111","87.0435185185185","82.8703703703704","","",
"Low & middle income","LMY","Time required to get electricity (days)","IC.ELC.TIME","","","","","","","","","","","","","","","","","","","","","","","","","","","","","","","","","","","","","","","","","","","","","","","","","","124.838983050847","115.974576271186","114.177966101695","112.809917355372","114.194384615385","108.567769230769","100.004488188976","98.3750393700787","95.7427559055118","91.7974803149606","89.3120472440945","","",
"Lesotho","LSO","Time required to get electricity (days)","IC.ELC.TIME","","","","","","","","","","","","","","","","","","","","","","","","","","","","","","","","","","","","","","","","","","","","","","","","","","140","140","140","125","114","114","114","114","114","114","114","","",
"Late-demographic dividend","LTE","Time required to get electricity (days)","IC.ELC.TIME","","","","","","","","","","","","","","","","","","","","","","","","","","","","","","","","","","","","","","","","","","","","","","","","","","106.933333333333","106.777777777778","105.022222222222","100.977777777778","96.9214583333333","93.025625","86.7508333333333","80.6185416666667","77.5560416666667","71.801875","69.3789583333333","","",
"Lithuania","LTU","Time required to get electricity (days)","IC.ELC.TIME","","","","","","","","","","","","","","","","","","","","","","","","","","","","","","","","","","","","","","","","","","","","","","","","","","148","148","146","146","146","135","95","85","85","85","82","","",
"Luxembourg","LUX","Time required to get electricity (days)","IC.ELC.TIME","","","","","","","","","","","","","","","","","","","","","","","","","","","","","","","","","","","","","","","","","","","","","","","","","","120","120","120","120","120","56","56","56","56","56","56","","",
"Latvia","LVA","Time required to get electricity (days)","IC.ELC.TIME","","","","","","","","","","","","","","","","","","","","","","","","","","","","","","","","","","","","","","","","","","","","","","","","","","159","159","108","107","107","107","107","107","107","107","107","","",
"Macao SAR, China","MAC","Time required to get electricity (days)","IC.ELC.TIME","","","","","","","","","","","","","","","","","","","","","","","","","","","","","","","","","","","","","","","","","","","","","","","","","","","","","","","","","","","","","","",
"St. Martin (French part)","MAF","Time required to get electricity (days)","IC.ELC.TIME","","","","","","","","","","","","","","","","","","","","","","","","","","","","","","","","","","","","","","","","","","","","","","","","","","","","","","","","","","","","","","",
"Morocco","MAR","Time required to get electricity (days)","IC.ELC.TIME","","","","","","","","","","","","","","","","","","","","","","","","","","","","","","","","","","","","","","","","","","","","","","","","","","62","62","62","62","62","62","49","49","49","44","31","","",
"Monaco","MCO","Time required to get electricity (days)","IC.ELC.TIME","","","","","","","","","","","","","","","","","","","","","","","","","","","","","","","","","","","","","","","","","","","","","","","","","","","","","","","","","","","","","","",
"Moldova","MDA","Time required to get electricity (days)","IC.ELC.TIME","","","","","","","","","","","","","","","","","","","","","","","","","","","","","","","","","","","","","","","","","","","","","","","","","","120","113","113","113","113","113","113","87","87","87","87","","",
"Madagascar","MDG","Time required to get electricity (days)","IC.ELC.TIME","","","","","","","","","","","","","","","","","","","","","","","","","","","","","","","","","","","","","","","","","","","","","","","","","","450","450","450","450","450","450","450","450","450","450","450","","",
"Maldives","MDV","Time required to get electricity (days)","IC.ELC.TIME","","","","","","","","","","","","","","","","","","","","","","","","","","","","","","","","","","","","","","","","","","","","","","","","","","101","101","101","108","108","91","91","91","75","75","75","","",
"Middle East & North Africa","MEA","Time required to get electricity (days)","IC.ELC.TIME","","","","","","","","","","","","","","","","","","","","","","","","","","","","","","","","","","","","","","","","","","","","","","","","","","78.3684210526316","78.3684210526316","78.45","83.1904761904762","84","84.1428571428571","80.3","78.2","77.3","70.9","65.45","","",
"Mexico","MEX","Time required to get electricity (days)","IC.ELC.TIME","","","","","","","","","","","","","","","","","","","","","","","","","","","","","","","","","","","","","","","","","","","","","","","","","","","","","","107.93","107.93","107.93","100.44","100.44","100.44","100.44","","",
"Marshall Islands","MHL","Time required to get electricity (days)","IC.ELC.TIME","","","","","","","","","","","","","","","","","","","","","","","","","","","","","","","","","","","","","","","","","","","","","","","","","","67","67","67","67","67","67","67","67","67","67","67","","",
"Middle income","MIC","Time required to get electricity (days)","IC.ELC.TIME","","","","","","","","","","","","","","","","","","","","","","","","","","","","","","","","","","","","","","","","","","","","","","","","","","108.58064516129","104.956989247312","104.397849462366","99.6631578947368","104.752596153846","98.9404807692308","92.5920192307692","90.0925961538461","87.2724038461538","82.9065384615384","80.0252884615384","","",
"North Macedonia","MKD","Time required to get electricity (days)","IC.ELC.TIME","","","","","","","","","","","","","","","","","","","","","","","","","","","","","","","","","","","","","","","","","","","","","","","","","","141","141","141","141","101","101","97","97","97","97","97","","",
"Mali","MLI","Time required to get electricity (days)","IC.ELC.TIME","","","","","","","","","","","","","","","","","","","","","","","","","","","","","","","","","","","","","","","","","","","","","","","","","","120","120","120","120","120","120","120","120","120","120","120","","",
"Malta","MLT","Time required to get electricity (days)","IC.ELC.TIME","","","","","","","","","","","","","","","","","","","","","","","","","","","","","","","","","","","","","","","","","","","","","","","","","","","","135","135","135","105","105","105","105","105","105","","",
"Myanmar","MMR","Time required to get electricity (days)","IC.ELC.TIME","","","","","","","","","","","","","","","","","","","","","","","","","","","","","","","","","","","","","","","","","","","","","","","","","","","","","98","98","98","77","77","77","77","70","","",
"Middle East & North Africa (excluding high income)","MNA","Time required to get electricity (days)","IC.ELC.TIME","","","","","","","","","","","","","","","","","","","","","","","","","","","","","","","","","","","","","","","","","","","","","","","","","","80.1666666666667","80.1666666666667","75.5833333333333","84.6153846153846","86.3076923076923","88.8461538461538","85","81.8333333333333","81.8333333333333","73.4166666666667","72.3333333333333","","",
"Montenegro","MNE","Time required to get electricity (days)","IC.ELC.TIME","","","","","","","","","","","","","","","","","","","","","","","","","","","","","","","","","","","","","","","","","","","","","","","","","","142","142","142","142","142","142","142","142","131","131","131","","",
"Mongolia","MNG","Time required to get electricity (days)","IC.ELC.TIME","","","","","","","","","","","","","","","","","","","","","","","","","","","","","","","","","","","","","","","","","","","","","","","","","","126","126","126","101","79","79","79","79","79","79","79","","",
"Northern Mariana Islands","MNP","Time required to get electricity (days)","IC.ELC.TIME","","","","","","","","","","","","","","","","","","","","","","","","","","","","","","","","","","","","","","","","","","","","","","","","","","","","","","","","","","","","","","",
"Mozambique","MOZ","Time required to get electricity (days)","IC.ELC.TIME","","","","","","","","","","","","","","","","","","","","","","","","","","","","","","","","","","","","","","","","","","","","","","","","","","47","47","77","77","77","77","77","77","54","40","40","","",
"Mauritania","MRT","Time required to get electricity (days)","IC.ELC.TIME","","","","","","","","","","","","","","","","","","","","","","","","","","","","","","","","","","","","","","","","","","","","","","","","","","75","75","75","75","75","75","70","67","67","67","67","","",
"Mauritius","MUS","Time required to get electricity (days)","IC.ELC.TIME","","","","","","","","","","","","","","","","","","","","","","","","","","","","","","","","","","","","","","","","","","","","","","","","","","99","99","99","96","96","96","96","96","67","67","67","","",
"Malawi","MWI","Time required to get electricity (days)","IC.ELC.TIME","","","","","","","","","","","","","","","","","","","","","","","","","","","","","","","","","","","","","","","","","","","","","","","","","","222","222","222","222","222","172","127","127","127","127","127","","",
"Malaysia","MYS","Time required to get electricity (days)","IC.ELC.TIME","","","","","","","","","","","","","","","","","","","","","","","","","","","","","","","","","","","","","","","","","","","","","","","","","","45","45","45","45","31","31","31","31","31","24","24","","",
"North America","NAC","Time required to get electricity (days)","IC.ELC.TIME","","","","","","","","","","","","","","","","","","","","","","","","","","","","","","","","","","","","","","","","","","","","","","","","","","169","169","169","142","115.8","115.8","113.3","113.3","113.3","113.3","113.3","","",
"Namibia","NAM","Time required to get electricity (days)","IC.ELC.TIME","","","","","","","","","","","","","","","","","","","","","","","","","","","","","","","","","","","","","","","","","","","","","","","","","","54","54","54","37","37","37","37","37","37","37","37","","",
"New Caledonia","NCL","Time required to get electricity (days)","IC.ELC.TIME","","","","","","","","","","","","","","","","","","","","","","","","","","","","","","","","","","","","","","","","","","","","","","","","","","","","","","","","","","","","","","",
"Niger","NER","Time required to get electricity (days)","IC.ELC.TIME","","","","","","","","","","","","","","","","","","","","","","","","","","","","","","","","","","","","","","","","","","","","","","","","","","165","120","120","115","115","115","115","115","97","68","52","","",
"Nigeria","NGA","Time required to get electricity (days)","IC.ELC.TIME","","","","","","","","","","","","","","","","","","","","","","","","","","","","","","","","","","","","","","","","","","","","","","","","","","","","","","149.44","149.44","149.44","149.44","149.44","115.33","109.8","","",
"Nicaragua","NIC","Time required to get electricity (days)","IC.ELC.TIME","","","","","","","","","","","","","","","","","","","","","","","","","","","","","","","","","","","","","","","","","","","","","","","","","","70","70","70","70","55","55","55","55","55","55","55","","",
"Netherlands","NLD","Time required to get electricity (days)","IC.ELC.TIME","","","","","","","","","","","","","","","","","","","","","","","","","","","","","","","","","","","","","","","","","","","","","","","","","","110","110","110","110","110","110","102","102","102","102","102","","",
"Norway","NOR","Time required to get electricity (days)","IC.ELC.TIME","","","","","","","","","","","","","","","","","","","","","","","","","","","","","","","","","","","","","","","","","","","","","","","","","","66","66","66","66","66","66","66","66","66","66","66","","",
"Nepal","NPL","Time required to get electricity (days)","IC.ELC.TIME","","","","","","","","","","","","","","","","","","","","","","","","","","","","","","","","","","","","","","","","","","","","","","","","","","74","74","70","70","70","70","70","70","70","70","49","","",
"Nauru","NRU","Time required to get electricity (days)","IC.ELC.TIME","","","","","","","","","","","","","","","","","","","","","","","","","","","","","","","","","","","","","","","","","","","","","","","","","","","","","","","","","","","","","","",
"New Zealand","NZL","Time required to get electricity (days)","IC.ELC.TIME","","","","","","","","","","","","","","","","","","","","","","","","","","","","","","","","","","","","","","","","","","","","","","","","","","69","69","69","69","64","64","58","58","58","58","58","","",
"OECD members","OED","Time required to get electricity (days)","IC.ELC.TIME","","","","","","","","","","","","","","","","","","","","","","","","","","","","","","","","","","","","","","","","","","","","","","","","","","96.3428571428571","96.3428571428571","94.8285714285714","93.9142857142857","89.3007894736842","83.3007894736842","80.1692105263158","78.8576315789474","77.4721052631579","75.0773684210526","73.7878947368421","","",
"Oman","OMN","Time required to get electricity (days)","IC.ELC.TIME","","","","","","","","","","","","","","","","","","","","","","","","","","","","","","","","","","","","","","","","","","","","","","","","","","62","62","62","62","62","62","62","62","62","35","30","","",
"Other small states","OSS","Time required to get electricity (days)","IC.ELC.TIME","","","","","","","","","","","","","","","","","","","","","","","","","","","","","","","","","","","","","","","","","","","","","","","","","","127.916666666667","127.916666666667","122.04","116.576923076923","107.230769230769","104.692307692308","99.0384615384615","93.6153846153846","91.5","91.0769230769231","89.1153846153846","","",
"Pakistan","PAK","Time required to get electricity (days)","IC.ELC.TIME","","","","","","","","","","","","","","","","","","","","","","","","","","","","","","","","","","","","","","","","","","","","","","","","","","","","","","180.7","180.7","161.2","161.85","161.85","161.85","112.65","","",
"Panama","PAN","Time required to get electricity (days)","IC.ELC.TIME","","","","","","","","","","","","","","","","","","","","","","","","","","","","","","","","","","","","","","","","","","","","","","","","","","35","35","35","35","35","35","35","35","35","35","35","","",
"Peru","PER","Time required to get electricity (days)","IC.ELC.TIME","","","","","","","","","","","","","","","","","","","","","","","","","","","","","","","","","","","","","","","","","","","","","","","","","","67","67","67","67","67","67","67","67","67","67","67","","",
"Philippines","PHL","Time required to get electricity (days)","IC.ELC.TIME","","","","","","","","","","","","","","","","","","","","","","","","","","","","","","","","","","","","","","","","","","","","","","","","","","42","42","42","42","42","42","42","42","37","37","37","","",
"Palau","PLW","Time required to get electricity (days)","IC.ELC.TIME","","","","","","","","","","","","","","","","","","","","","","","","","","","","","","","","","","","","","","","","","","","","","","","","","","125","125","125","125","125","125","125","125","125","125","125","","",
"Papua New Guinea","PNG","Time required to get electricity (days)","IC.ELC.TIME","","","","","","","","","","","","","","","","","","","","","","","","","","","","","","","","","","","","","","","","","","","","","","","","","","66","66","66","66","66","66","66","66","66","66","66","","",
"Poland","POL","Time required to get electricity (days)","IC.ELC.TIME","","","","","","","","","","","","","","","","","","","","","","","","","","","","","","","","","","","","","","","","","","","","","","","","","","163","163","163","163","154","154","133","122","122","122","113","","",
"Pre-demographic dividend","PRE","Time required to get electricity (days)","IC.ELC.TIME","","","","","","","","","","","","","","","","","","","","","","","","","","","","","","","","","","","","","","","","","","","","","","","","","","178.088235294118","149.205882352941","144.205882352941","149","142.623333333333","138.04","125.101176470588","123.66","121.748235294118","119.303823529412","117.758823529412","","",
"Puerto Rico","PRI","Time required to get electricity (days)","IC.ELC.TIME","","","","","","","","","","","","","","","","","","","","","","","","","","","","","","","","","","","","","","","","","","","","","","","","","","32","32","32","32","32","32","32","32","32","32","32","","",
"Korea, Dem. People's Rep.","PRK","Time required to get electricity (days)","IC.ELC.TIME","","","","","","","","","","","","","","","","","","","","","","","","","","","","","","","","","","","","","","","","","","","","","","","","","","","","","","","","","","","","","","",
"Portugal","PRT","Time required to get electricity (days)","IC.ELC.TIME","","","","","","","","","","","","","","","","","","","","","","","","","","","","","","","","","","","","","","","","","","","","","","","","","","83","83","83","83","83","71","71","65","65","65","65","","",
"Paraguay","PRY","Time required to get electricity (days)","IC.ELC.TIME","","","","","","","","","","","","","","","","","","","","","","","","","","","","","","","","","","","","","","","","","","","","","","","","","","67","67","67","67","67","67","67","67","67","67","67","","",
"West Bank and Gaza","PSE","Time required to get electricity (days)","IC.ELC.TIME","","","","","","","","","","","","","","","","","","","","","","","","","","","","","","","","","","","","","","","","","","","","","","","","","","64","64","64","64","64","64","64","47","47","47","47","","",
"Pacific island small states","PSS","Time required to get electricity (days)","IC.ELC.TIME","","","","","","","","","","","","","","","","","","","","","","","","","","","","","","","","","","","","","","","","","","","","","","","","","","108.222222222222","108.222222222222","107.333333333333","92.3333333333333","132.888888888889","80.4444444444444","80.4444444444444","80.4444444444444","80.4444444444444","80.4444444444444","80.4444444444444","","",
"Post-demographic dividend","PST","Time required to get electricity (days)","IC.ELC.TIME","","","","","","","","","","","","","","","","","","","","","","","","","","","","","","","","","","","","","","","","","","","","","","","","","","99","97.6875","96.7647058823529","95.7941176470588","90.0694444444444","86.7361111111111","84.0138888888889","86.9486111111111","84.7361111111111","82.5138888888889","81.4861111111111","","",
"French Polynesia","PYF","Time required to get electricity (days)","IC.ELC.TIME","","","","","","","","","","","","","","","","","","","","","","","","","","","","","","","","","","","","","","","","","","","","","","","","","","","","","","","","","","","","","","",
"Qatar","QAT","Time required to get electricity (days)","IC.ELC.TIME","","","","","","","","","","","","","","","","","","","","","","","","","","","","","","","","","","","","","","","","","","","","","","","","","","90","90","90","90","90","90","67","67","67","67","44","","",
"Romania","ROU","Time required to get electricity (days)","IC.ELC.TIME","","","","","","","","","","","","","","","","","","","","","","","","","","","","","","","","","","","","","","","","","","","","","","","","","","209","209","204","213","213","174","174","174","174","174","174","","",
"Russian Federation","RUS","Time required to get electricity (days)","IC.ELC.TIME","","","","","","","","","","","","","","","","","","","","","","","","","","","","","","","","","","","","","","","","","","","","","","","","","","","","","","175.2","175.2","160.5","83","83","73","40.7","","",
"Rwanda","RWA","Time required to get electricity (days)","IC.ELC.TIME","","","","","","","","","","","","","","","","","","","","","","","","","","","","","","","","","","","","","","","","","","","","","","","","","","34","34","34","34","34","34","34","34","34","30","30","","",
"South Asia","SAS","Time required to get electricity (days)","IC.ELC.TIME","","","","","","","","","","","","","","","","","","","","","","","","","","","","","","","","","","","","","","","","","","","","","","","","","","163.6","118","100.8","100","148.23375","144.73375","130.77","117.9225","108.095","98.3775","86.12","","",
"Saudi Arabia","SAU","Time required to get electricity (days)","IC.ELC.TIME","","","","","","","","","","","","","","","","","","","","","","","","","","","","","","","","","","","","","","","","","","","","","","","","","","68","68","68","68","68","68","68","68","68","68","35","","",
"Sudan","SDN","Time required to get electricity (days)","IC.ELC.TIME","","","","","","","","","","","","","","","","","","","","","","","","","","","","","","","","","","","","","","","","","","","","","","","","","","70","70","70","70","70","70","70","70","70","70","70","","",
"Senegal","SEN","Time required to get electricity (days)","IC.ELC.TIME","","","","","","","","","","","","","","","","","","","","","","","","","","","","","","","","","","","","","","","","","","","","","","","","","","125","125","125","125","114","114","81","75","75","75","68","","",
"Singapore","SGP","Time required to get electricity (days)","IC.ELC.TIME","","","","","","","","","","","","","","","","","","","","","","","","","","","","","","","","","","","","","","","","","","","","","","","","","","31","31","31","31","31","31","31","30","30","30","26","","",
"Solomon Islands","SLB","Time required to get electricity (days)","IC.ELC.TIME","","","","","","","","","","","","","","","","","","","","","","","","","","","","","","","","","","","","","","","","","","","","","","","","","","160","160","160","160","160","53","53","53","53","53","53","","",
"Sierra Leone","SLE","Time required to get electricity (days)","IC.ELC.TIME","","","","","","","","","","","","","","","","","","","","","","","","","","","","","","","","","","","","","","","","","","","","","","","","","","489","113","113","113","113","82","82","82","82","82","82","","",
"El Salvador","SLV","Time required to get electricity (days)","IC.ELC.TIME","","","","","","","","","","","","","","","","","","","","","","","","","","","","","","","","","","","","","","","","","","","","","","","","","","62","62","62","62","62","62","56","56","56","56","65","","",
"San Marino","SMR","Time required to get electricity (days)","IC.ELC.TIME","","","","","","","","","","","","","","","","","","","","","","","","","","","","","","","","","","","","","","","","","","","","","","","","","","","","","38","38","38","38","38","38","38","38","","",
"Somalia","SOM","Time required to get electricity (days)","IC.ELC.TIME","","","","","","","","","","","","","","","","","","","","","","","","","","","","","","","","","","","","","","","","","","","","","","","","","","","","","","","","","","","","","","",
"Serbia","SRB","Time required to get electricity (days)","IC.ELC.TIME","","","","","","","","","","","","","","","","","","","","","","","","","","","","","","","","","","","","","","","","","","","","","","","","","","131","131","131","131","131","131","131","125","125","125","125","","",
"Sub-Saharan Africa (excluding high income)","SSA","Time required to get electricity (days)","IC.ELC.TIME","","","","","","","","","","","","","","","","","","","","","","","","","","","","","","","","","","","","","","","","","","","","","","","","","","158.272727272727","141.136363636364","139.318181818182","141.533333333333","136.270434782609","132.031304347826","117.532727272727","117.01","114.850909090909","112.871136363636","110.881818181818","","",
"South Sudan","SSD","Time required to get electricity (days)","IC.ELC.TIME","","","","","","","","","","","","","","","","","","","","","","","","","","","","","","","","","","","","","","","","","","","","","","","","","","","","","468","468","468","","","","","","","",
"Sub-Saharan Africa","SSF","Time required to get electricity (days)","IC.ELC.TIME","","","","","","","","","","","","","","","","","","","","","","","","","","","","","","","","","","","","","","","","","","","","","","","","","","158.022222222222","141.266666666667","139.488888888889","141.652173913043","136.285957446809","132.137021276596","117.965333333333","115.565333333333","113.454222222222","111.518444444444","109.573333333333","","",
"Small states","SST","Time required to get electricity (days)","IC.ELC.TIME","","","","","","","","","","","","","","","","","","","","","","","","","","","","","","","","","","","","","","","","","","","","","","","","","","106.888888888889","106.555555555556","103.31914893617","97.9375","100.479166666667","89.2708333333333","85.5833333333333","82.6458333333333","81.5","81.2708333333333","79.875","","",
"Sao Tome and Principe","STP","Time required to get electricity (days)","IC.ELC.TIME","","","","","","","","","","","","","","","","","","","","","","","","","","","","","","","","","","","","","","","","","","","","","","","","","","89","89","89","89","89","89","89","89","89","89","89","","",
"Suriname","SUR","Time required to get electricity (days)","IC.ELC.TIME","","","","","","","","","","","","","","","","","","","","","","","","","","","","","","","","","","","","","","","","","","","","","","","","","","128","113","113","113","113","113","113","113","113","113","113","","",
"Slovak Republic","SVK","Time required to get electricity (days)","IC.ELC.TIME","","","","","","","","","","","","","","","","","","","","","","","","","","","","","","","","","","","","","","","","","","","","","","","","","","89","89","89","89","89","89","89","89","89","89","89","","",
"Slovenia","SVN","Time required to get electricity (days)","IC.ELC.TIME","","","","","","","","","","","","","","","","","","","","","","","","","","","","","","","","","","","","","","","","","","","","","","","","","","38","38","38","38","38","38","38","38","38","38","38","","",
"Sweden","SWE","Time required to get electricity (days)","IC.ELC.TIME","","","","","","","","","","","","","","","","","","","","","","","","","","","","","","","","","","","","","","","","","","","","","","","","","","52","52","52","52","52","52","52","52","52","52","52","","",
"Eswatini","SWZ","Time required to get electricity (days)","IC.ELC.TIME","","","","","","","","","","","","","","","","","","","","","","","","","","","","","","","","","","","","","","","","","","","","","","","","","","137","137","137","137","137","137","137","137","137","137","125","","",
"Sint Maarten (Dutch part)","SXM","Time required to get electricity (days)","IC.ELC.TIME","","","","","","","","","","","","","","","","","","","","","","","","","","","","","","","","","","","","","","","","","","","","","","","","","","","","","","","","","","","","","","",
"Seychelles","SYC","Time required to get electricity (days)","IC.ELC.TIME","","","","","","","","","","","","","","","","","","","","","","","","","","","","","","","","","","","","","","","","","","","","","","","","","","147","147","147","147","137","137","137","52","52","52","52","","",
"Syrian Arab Republic","SYR","Time required to get electricity (days)","IC.ELC.TIME","","","","","","","","","","","","","","","","","","","","","","","","","","","","","","","","","","","","","","","","","","","","","","","","","","71","71","71","71","71","71","71","146","146","146","146","","",
"Turks and Caicos Islands","TCA","Time required to get electricity (days)","IC.ELC.TIME","","","","","","","","","","","","","","","","","","","","","","","","","","","","","","","","","","","","","","","","","","","","","","","","","","","","","","","","","","","","","","",
"Chad","TCD","Time required to get electricity (days)","IC.ELC.TIME","","","","","","","","","","","","","","","","","","","","","","","","","","","","","","","","","","","","","","","","","","","","","","","","","","67","67","67","67","67","67","67","67","67","67","67","","",
"East Asia & Pacific (IDA & IBRD countries)","TEA","Time required to get electricity (days)","IC.ELC.TIME","","","","","","","","","","","","","","","","","","","","","","","","","","","","","","","","","","","","","","","","","","","","","","","","","","98.5","98.5","99.3888888888889","90.8947368421053","108.142857142857","85.4066666666667","79.7238095238095","79.7561904761905","78.3904761904762","72.0476190476191","70.6780952380952","","",
"Europe & Central Asia (IDA & IBRD countries)","TEC","Time required to get electricity (days)","IC.ELC.TIME","","","","","","","","","","","","","","","","","","","","","","","","","","","","","","","","","","","","","","","","","","","","","","","","","","149.142857142857","146.809523809524","146.238095238095","137.952380952381","127.190909090909","122.918181818182","116.977272727273","114.863636363636","109","105.090909090909","101.168181818182","","",
"Togo","TGO","Time required to get electricity (days)","IC.ELC.TIME","","","","","","","","","","","","","","","","","","","","","","","","","","","","","","","","","","","","","","","","","","","","","","","","","","89","89","89","89","89","89","66","66","66","66","66","","",
"Thailand","THA","Time required to get electricity (days)","IC.ELC.TIME","","","","","","","","","","","","","","","","","","","","","","","","","","","","","","","","","","","","","","","","","","","","","","","","","","37","37","37","37","37","37","37","32","32","30","30","","",
"Tajikistan","TJK","Time required to get electricity (days)","IC.ELC.TIME","","","","","","","","","","","","","","","","","","","","","","","","","","","","","","","","","","","","","","","","","","","","","","","","","","165","165","165","150","150","105","105","105","105","105","98","","",
"Turkmenistan","TKM","Time required to get electricity (days)","IC.ELC.TIME","","","","","","","","","","","","","","","","","","","","","","","","","","","","","","","","","","","","","","","","","","","","","","","","","","","","","","","","","","","","","","",
"Latin America & the Caribbean (IDA & IBRD countries)","TLA","Time required to get electricity (days)","IC.ELC.TIME","","","","","","","","","","","","","","","","","","","","","","","","","","","","","","","","","","","","","","","","","","","","","","","","","","68.8928571428571","68.3571428571429","68.3571428571429","68.1428571428571","68.0586666666667","68.4253333333333","67.2423333333333","67.7976666666667","67.6976666666667","67.1643333333333","66.7976666666667","","",
"Timor-Leste","TLS","Time required to get electricity (days)","IC.ELC.TIME","","","","","","","","","","","","","","","","","","","","","","","","","","","","","","","","","","","","","","","","","","","","","","","","","","39","39","63","63","63","63","63","93","93","93","93","","",
"Middle East & North Africa (IDA & IBRD countries)","TMN","Time required to get electricity (days)","IC.ELC.TIME","","","","","","","","","","","","","","","","","","","","","","","","","","","","","","","","","","","","","","","","","","","","","","","","","","81.6363636363636","81.6363636363636","76.6363636363636","86.3333333333333","88.1666666666667","90.9166666666667","86.9090909090909","85","85","75.8181818181818","74.6363636363636","","",
"Tonga","TON","Time required to get electricity (days)","IC.ELC.TIME","","","","","","","","","","","","","","","","","","","","","","","","","","","","","","","","","","","","","","","","","","","","","","","","","","50","50","42","42","42","42","42","42","42","42","42","","",
"South Asia (IDA & IBRD)","TSA","Time required to get electricity (days)","IC.ELC.TIME","","","","","","","","","","","","","","","","","","","","","","","","","","","","","","","","","","","","","","","","","","","","","","","","","","163.6","118","100.8","100","148.23375","144.73375","130.77","117.9225","108.095","98.3775","86.12","","",
"Sub-Saharan Africa (IDA & IBRD countries)","TSS","Time required to get electricity (days)","IC.ELC.TIME","","","","","","","","","","","","","","","","","","","","","","","","","","","","","","","","","","","","","","","","","","","","","","","","","","158.022222222222","141.266666666667","139.488888888889","141.652173913043","136.285957446809","132.137021276596","117.965333333333","115.565333333333","113.454222222222","111.518444444444","109.573333333333","","",
"Trinidad and Tobago","TTO","Time required to get electricity (days)","IC.ELC.TIME","","","","","","","","","","","","","","","","","","","","","","","","","","","","","","","","","","","","","","","","","","","","","","","","","","61","61","61","61","61","61","61","61","61","61","61","","",
"Tunisia","TUN","Time required to get electricity (days)","IC.ELC.TIME","","","","","","","","","","","","","","","","","","","","","","","","","","","","","","","","","","","","","","","","","","","","","","","","","","65","65","65","65","65","65","65","65","65","65","65","","",
"Turkiye","TUR","Time required to get electricity (days)","IC.ELC.TIME","","","","","","","","","","","","","","","","","","","","","","","","","","","","","","","","","","","","","","","","","","","","","","","","","","63","63","63","63","62","62","55","55","55","55","34","","",
"Tuvalu","TUV","Time required to get electricity (days)","IC.ELC.TIME","","","","","","","","","","","","","","","","","","","","","","","","","","","","","","","","","","","","","","","","","","","","","","","","","","","","","","","","","","","","","","",
"Tanzania","TZA","Time required to get electricity (days)","IC.ELC.TIME","","","","","","","","","","","","","","","","","","","","","","","","","","","","","","","","","","","","","","","","","","","","","","","","","","382","109","109","109","109","109","109","109","109","105","105","","",
"Uganda","UGA","Time required to get electricity (days)","IC.ELC.TIME","","","","","","","","","","","","","","","","","","","","","","","","","","","","","","","","","","","","","","","","","","","","","","","","","","150","90","132","132","132","132","86","66","66","66","66","","",
"Ukraine","UKR","Time required to get electricity (days)","IC.ELC.TIME","","","","","","","","","","","","","","","","","","","","","","","","","","","","","","","","","","","","","","","","","","","","","","","","","","288","288","288","288","263","263","263","281","281","281","267","","",
"Upper middle income","UMC","Time required to get electricity (days)","IC.ELC.TIME","","","","","","","","","","","","","","","","","","","","","","","","","","","","","","","","","","","","","","","","","","","","","","","","","","100.133333333333","98.7111111111111","98.6444444444444","97.5652173913043","93.8432","93.7832","87.7794","86.3226","82.8026","78.4386","76.9526","","",
"Uruguay","URY","Time required to get electricity (days)","IC.ELC.TIME","","","","","","","","","","","","","","","","","","","","","","","","","","","","","","","","","","","","","","","","","","","","","","","","","","48","48","48","48","48","48","48","48","48","48","48","","",
"United States","USA","Time required to get electricity (days)","IC.ELC.TIME","","","","","","","","","","","","","","","","","","","","","","","","","","","","","","","","","","","","","","","","","","","","","","","","","","","","","","89.6","89.6","89.6","89.6","89.6","89.6","89.6","","",
"Uzbekistan","UZB","Time required to get electricity (days)","IC.ELC.TIME","","","","","","","","","","","","","","","","","","","","","","","","","","","","","","","","","","","","","","","","","","","","","","","","","","98","98","98","89","89","89","89","89","88","88","88","","",
"St. Vincent and the Grenadines","VCT","Time required to get electricity (days)","IC.ELC.TIME","","","","","","","","","","","","","","","","","","","","","","","","","","","","","","","","","","","","","","","","","","","","","","","","","","52","52","52","52","52","52","52","52","52","52","52","","",
"Venezuela, RB","VEN","Time required to get electricity (days)","IC.ELC.TIME","","","","","","","","","","","","","","","","","","","","","","","","","","","","","","","","","","","","","","","","","","","","","","","","","","158","158","158","158","158","178","178","208","208","208","208","","",
"British Virgin Islands","VGB","Time required to get electricity (days)","IC.ELC.TIME","","","","","","","","","","","","","","","","","","","","","","","","","","","","","","","","","","","","","","","","","","","","","","","","","","","","","","","","","","","","","","",
"Virgin Islands (U.S.)","VIR","Time required to get electricity (days)","IC.ELC.TIME","","","","","","","","","","","","","","","","","","","","","","","","","","","","","","","","","","","","","","","","","","","","","","","","","","","","","","","","","","","","","","",
"Vietnam","VNM","Time required to get electricity (days)","IC.ELC.TIME","","","","","","","","","","","","","","","","","","","","","","","","","","","","","","","","","","","","","","","","","","","","","","","","","","115","115","115","115","115","115","49","46","46","31","31","","",
"Vanuatu","VUT","Time required to get electricity (days)","IC.ELC.TIME","","","","","","","","","","","","","","","","","","","","","","","","","","","","","","","","","","","","","","","","","","","","","","","","","","255","255","255","120","120","120","120","120","120","120","120","","",
"World","WLD","Time required to get electricity (days)","IC.ELC.TIME","","","","","","","","","","","","","","","","","","","","","","","","","","","","","","","","","","","","","","","","","","","","","","","","","","113.71511627907","107.633720930233","105.706896551724","104.314606741573","104.787142857143","99.5042857142857","92.3444623655914","90.5364516129032","88.3808064516129","84.8758288770053","82.5033689839572","","",
"Samoa","WSM","Time required to get electricity (days)","IC.ELC.TIME","","","","","","","","","","","","","","","","","","","","","","","","","","","","","","","","","","","","","","","","","","","","","","","","","","34","34","34","34","34","34","34","34","34","34","34","","",
"Kosovo","XKX","Time required to get electricity (days)","IC.ELC.TIME","","","","","","","","","","","","","","","","","","","","","","","","","","","","","","","","","","","","","","","","","","","","","","","","","","58","58","58","46","46","46","36","36","36","36","36","","",
"Yemen, Rep.","YEM","Time required to get electricity (days)","IC.ELC.TIME","","","","","","","","","","","","","","","","","","","","","","","","","","","","","","","","","","","","","","","","","","","","","","","","","","35","35","35","110","110","110","","","","","","","",
"South Africa","ZAF","Time required to get electricity (days)","IC.ELC.TIME","","","","","","","","","","","","","","","","","","","","","","","","","","","","","","","","","","","","","","","","","","","","","","","","","","214","214","226","226","226","226","84","109","109","109","109","","",
"Zambia","ZMB","Time required to get electricity (days)","IC.ELC.TIME","","","","","","","","","","","","","","","","","","","","","","","","","","","","","","","","","","","","","","","","","","","","","","","","","","117","117","117","117","117","117","117","117","117","117","117","","",
"Zimbabwe","ZWE","Time required to get electricity (days)","IC.ELC.TIME","","","","","","","","","","","","","","","","","","","","","","","","","","","","","","","","","","","","","","","","","","","","","","","","","","125","125","125","106","106","106","106","106","106","106","106","","",
